rank	absDN	band_index	t	DN	t_left_run	t_right_run	run_sum_left	run_sum_right	gap_left	gap_right	local_mean_gap
1	2.615066528	91032119334	29565113205.570533752	2.615066528	4	0	2.412292480	0.000000000	0.010921478	0.761890411	0.282068860
2	2.587234497	62815149461	21550885080.446041107	2.587234497	4	0	2.360290527	0.000000000	0.026565552	0.908199310	0.286229971
3	2.585243225	34606507473	13396993184.932842255	2.585243225	3	0	1.922828674	0.000000000	0.034957886	1.023712158	0.292536805
4	2.585144043	87313924186	28515320253.320125580	2.585144043	3	0	1.962677002	0.000000000	0.021453857	0.963470459	0.282574547
5	2.576889038	66234841053	22528517583.993007660	2.576889038	4	0	2.155761719	0.000000000	0.060890198	0.982875824	0.285641386
6	2.572555542	83942472979	27561923357.809055328	2.572555542	6	0	2.292602539	0.000000000	0.021667480	0.865345001	0.283048231
7	2.571014404	69220509803	23380492768.089500427	2.571014404	3	0	2.255371094	0.000000000	0.054325104	0.797794342	0.285126047
8	2.559280396	35059568798	13529486654.222227097	2.559280396	3	0	1.898147583	0.000000000	0.057968140	1.084131241	0.292459233
9	2.557540894	67006021112	22748715628.663856506	2.557540894	4	0	2.313674927	0.000000000	0.020996094	0.848937988	0.285485438
10	2.553901672	22525918218	9839079152.616086960	2.553901672	3	0	2.260147095	0.000000000	0.033914566	0.975370407	0.296769109
11	2.552062988	45566061852	16586328593.903495789	2.552062988	3	0	2.190917969	0.000000000	0.048564911	0.726865768	0.289516799
12	2.550842285	81488811235	26867131649.047222137	2.550842285	3	0	2.023056030	0.000000000	0.036529541	0.974632263	0.283390497
13	2.547874451	49971677389	17860120157.024898529	2.547874451	4	0	2.241439819	0.000000000	0.068798065	0.964988708	0.288655824
14	2.547752380	50136411796	17907666808.947151184	2.547752380	3	0	1.724746704	0.000000000	0.024860382	0.840072632	0.288634995
15	2.547412872	20363831232	9196418366.325099945	2.547412872	3	0	1.773815155	0.000000000	0.013801575	0.967674255	0.297741523
16	2.544509888	87123160418	28461413784.561466217	2.544509888	5	0	2.433166504	0.000000000	0.027942657	0.836109161	0.282563904
17	2.543945312	57364164686	19988308996.654327393	2.543945312	4	0	2.370407104	0.000000000	0.068626404	0.848957062	0.287150440
18	2.541374207	26939280526	11144918988.111917496	2.541374207	3	0	2.069908142	0.000000000	0.038652420	0.857273102	0.295050401
19	2.540924072	89256621384	29064032872.617942810	2.540924072	3	0	1.713226318	0.000000000	0.035045624	0.992824554	0.282381331
20	2.539207458	49365237749	17685035592.286602020	2.539207458	2	0	1.720664978	0.000000000	0.020782471	0.833499908	0.288743705
21	2.537986755	36782455231	14032782903.568365097	2.537986755	4	0	2.118629456	0.000000000	0.085790634	0.945466995	0.291853476
22	2.535369873	77046970682	25607276385.480651855	2.535369873	2	0	1.763977051	0.000000000	0.036712646	0.900699615	0.283941760
23	2.530860901	54172061697	19070691297.706245422	2.530860901	4	0	1.818550110	0.000000000	0.040901184	0.985439301	0.287833747
24	2.530670166	48457183225	17422722802.479957581	2.530670166	4	0	2.209289551	0.000000000	0.033000946	0.844539642	0.288975785
25	2.530357361	29739069078	11969557440.749048233	2.530357361	3	0	2.013832092	0.000000000	0.014602661	0.948471069	0.294055531
26	2.530273438	48586595159	17460117500.844921112	2.530273438	3	0	2.293624878	0.000000000	0.035133362	0.786235809	0.288931242
27	2.530143738	41687930520	15461312405.068935394	2.530143738	4	0	2.105117798	0.000000000	0.060167313	0.981168747	0.290622820
28	2.530052185	53792952834	18961578262.300819397	2.530052185	3	0	1.867958069	0.000000000	0.057422638	1.169891357	0.287938310
29	2.528289795	76726591580	25516299391.126174927	2.528289795	3	0	1.701141357	0.000000000	0.032302856	1.212787628	0.284110801
30	2.528030396	69415504788	23436085971.202758789	2.528030396	5	0	2.295623779	0.000000000	0.074375153	0.843379974	0.285125431
31	2.527107239	58149325935	20213716972.936538696	2.527107239	4	0	2.044525146	0.000000000	0.051219940	0.864830017	0.287014433
32	2.526855469	83217978862	27356854820.490055084	2.526855469	3	0	2.046646118	0.000000000	0.084384918	0.898239136	0.283151843
33	2.525863647	65194246992	22231237372.148849487	2.525863647	4	0	2.334503174	0.000000000	0.076747894	0.877521515	0.285761884
34	2.523620605	90368521532	29377877882.244014740	2.523620605	3	0	1.934371948	0.000000000	0.063381195	0.971870422	0.282208375
35	2.523468018	58111244172	20202786931.842674255	2.523468018	3	0	1.959602356	0.000000000	0.026634216	0.740638733	0.286976146
36	2.523330688	48268942786	17368322505.617370605	2.523330688	6	0	2.115264893	0.000000000	0.016872406	1.024433136	0.289081466
37	2.522674561	75221161771	25088610141.792808533	2.522674561	3	0	2.025650024	0.000000000	0.067054749	0.852951050	0.284208293
38	2.520812988	64217799240	21952118199.350639343	2.520812988	5	0	2.464157104	0.000000000	0.101032257	0.867763519	0.285991868
39	2.519149780	89712295093	29192669683.459793091	2.519149780	3	0	1.918289185	0.000000000	0.056388855	0.836273193	0.282264552
40	2.519065857	51888192225	18412921165.016433716	2.519065857	4	0	2.188667297	0.000000000	0.046981812	1.066280365	0.288317281
41	2.518997192	57208692565	19943661551.411651611	2.518997192	5	0	2.451286316	0.000000000	0.028717041	0.873832703	0.287158284
42	2.518661499	36542298371	13962678358.949337006	2.518661499	4	0	2.239433289	0.000000000	0.073345184	1.019296646	0.292010401
43	2.518539429	62704690345	21519273473.887020111	2.518539429	4	0	2.082901001	0.000000000	0.060054779	0.883689880	0.286234822
44	2.517646790	8958075398	5765666759.059865952	2.517646790	4	0	2.186450958	0.000000000	0.104186058	0.960885048	0.304512901
45	2.516311646	69649956168	23502920299.629943848	2.516311646	5	0	2.109603882	0.000000000	0.033889771	0.802120209	0.285019349
46	2.515476227	17831883492	8441090079.931833267	2.515476227	4	0	2.007225037	0.000000000	0.037763596	1.020537376	0.299026045
47	2.514755249	57340259611	19981444393.680267334	2.514755249	4	0	2.094757080	0.000000000	0.077243805	0.862182617	0.287151636
48	2.514495850	44321977635	16225824775.164003372	2.514495850	4	0	2.395935059	0.000000000	0.067276001	1.051572800	0.289993457
49	2.513458252	61517201792	21179299181.380626678	2.513458252	3	0	1.853286743	0.000000000	0.020198822	0.992881775	0.286427460
50	2.513000488	63837653735	21843409415.068698883	2.513000488	3	0	1.899963379	0.000000000	0.068382263	1.029788971	0.286114572
51	2.513000488	52004601110	18446473474.119094849	2.513000488	4	0	1.941421509	0.000000000	0.012916565	0.839012146	0.288237944
52	2.512405396	48135957391	17329885843.764785767	2.512405396	3	0	1.934562683	0.000000000	0.046154022	0.881439209	0.289087823
53	2.512313843	26059945758	10885340978.555067062	2.512313843	4	0	2.249763489	0.000000000	0.091388702	0.751039505	0.295351997
54	2.512222290	33931672229	13199530681.485729218	2.512222290	3	0	1.971252441	0.000000000	0.030912399	0.819269180	0.292678709
55	2.511592865	17058700454	8209805727.147786140	2.511592865	3	0	1.859939575	0.000000000	0.068298340	0.988259315	0.299371325
56	2.511016846	89755332671	29204817885.452136993	2.511016846	4	0	2.305984497	0.000000000	0.062034607	0.833370209	0.282258332
57	2.510467529	25903212561	10839043262.718576431	2.510467529	3	0	2.210769653	0.000000000	0.078245163	0.961246490	0.295438479
58	2.509445190	70687485817	23798582548.980632782	2.509445190	4	0	2.348648071	0.000000000	0.039554596	0.728118896	0.284876520
59	2.509094238	92264744308	29912759612.864929199	2.509094238	4	0	1.966613770	0.000000000	0.015941620	0.980358124	0.282009174
60	2.508380890	21946823018	9667148475.836519241	2.508380890	3	0	2.022338867	0.000000000	0.016782761	1.167617798	0.297152721
61	2.507385254	73090567768	24482747489.297920227	2.507385254	5	0	2.172668457	0.000000000	0.091632843	0.905422211	0.284554884
62	2.507247925	65260356953	22250129228.369842529	2.507247925	4	0	2.189208984	0.000000000	0.015426636	0.850078583	0.285807083
63	2.506919861	41652409575	15450990960.593084335	2.506919861	4	0	2.374366760	0.000000000	0.085836411	0.877813339	0.290596592
64	2.506423950	90559247425	29431697011.698917389	2.506423950	4	0	1.705780029	0.000000000	0.064594269	1.127189636	0.282225081
65	2.505615234	81499143247	26870058999.819927216	2.505615234	4	0	2.138412476	0.000000000	0.019744873	0.810131073	0.283371008
66	2.505615234	35869250613	13766120524.140474319	2.505615234	3	0	2.419609070	0.000000000	0.049179077	0.879339218	0.292189907
67	2.504745483	69477008469	23453619470.683242798	2.504745483	4	0	2.132797241	0.000000000	0.047241211	0.861335754	0.285081196
68	2.504577637	46398456028	16827333118.742496490	2.504577637	4	0	2.195739746	0.000000000	0.050275803	1.054933548	0.289456094
69	2.504272461	75121723953	25060348528.987594604	2.504272461	3	0	1.821472168	0.000000000	0.110549927	1.036075592	0.284276754
70	2.504081726	16313540547	7986609950.761639595	2.504081726	3	0	1.794361115	0.000000000	0.028240204	0.898608208	0.299761386
71	2.503738403	85887569086	28112145870.219509125	2.503738403	3	0	1.837203979	0.000000000	0.052536011	0.729076385	0.282704301
72	2.503692627	88445811672	28835077716.631462097	2.503692627	4	0	2.177322388	0.000000000	0.034362793	0.948955536	0.282442116
73	2.503532410	54259896441	19095967326.874240875	2.503532410	3	0	2.105171204	0.000000000	0.043277740	0.822715759	0.287802770
74	2.502456665	59996214321	20743480909.746318817	2.502456665	3	0	1.767654419	0.000000000	0.017288208	0.912902832	0.286703596
75	2.502141953	7667366747	5372034281.027577400	2.502141953	4	0	2.087289810	0.000000000	0.025257111	0.833333969	0.305458680
76	2.501602173	58601971592	20343612483.582256317	2.501602173	4	0	2.324676514	0.000000000	0.064720154	0.829067230	0.286930182
77	2.501159668	88252580677	28780501421.166904449	2.501159668	3	0	2.144500732	0.000000000	0.066051483	0.777786255	0.282432078
78	2.500839233	52613315547	18621876609.513080597	2.500839233	3	0	1.790298462	0.000000000	0.048862457	0.911132812	0.288142526
79	2.500198364	86039848451	28155201587.341526031	2.500198364	4	0	2.315628052	0.000000000	0.066154480	0.794170380	0.282640543
80	2.500152588	67388566355	22857909277.068458557	2.500152588	6	0	2.562133789	0.000000000	0.077072144	0.912586212	0.285415687
81	2.499977112	44706454394	16337275385.643585205	2.499977112	5	0	2.215461731	0.000000000	0.030271530	0.850257874	0.289880241
82	2.499893188	66659195661	22649697248.695022583	2.499893188	3	0	1.927566528	0.000000000	0.031196594	0.992000580	0.285567566
83	2.499847412	75421393539	25145514431.806770325	2.499847412	4	0	1.721817017	0.000000000	0.068500519	1.114418030	0.284271451
84	2.499267578	74597660705	24911378588.536220551	2.499267578	4	0	2.203674316	0.000000000	0.017719269	0.800369263	0.284285261
85	2.499160767	54701565628	19223042412.835968018	2.499160767	2	0	1.529045105	0.000000000	0.052391052	0.894046783	0.287701934
86	2.498733521	40552948721	15131357901.388589859	2.498733521	4	0	2.183006287	0.000000000	0.012071609	1.015703201	0.290893960
87	2.498088837	23990801724	10273369538.488220215	2.498088837	3	0	2.040813446	0.000000000	0.054836273	0.866809845	0.296133915
88	2.496932983	69928350688	23582270168.814937592	2.496932983	4	0	1.958007812	0.000000000	0.069149017	0.780532837	0.285010247
89	2.496673584	88620615806	28884445516.714397430	2.496673584	3	0	1.793685913	0.000000000	0.066535950	0.684391022	0.282367312
90	2.496322632	55749032074	19524261581.562126160	2.496322632	3	0	2.054824829	0.000000000	0.030654907	0.779891968	0.287472158
91	2.495803833	92282859286	29917867358.029773712	2.495803833	3	0	2.066787720	0.000000000	0.106918335	0.864143372	0.281967679
92	2.495292664	50470746477	18004146722.861339569	2.495292664	4	0	2.450637817	0.000000000	0.023326874	0.686923981	0.288475440
93	2.494216919	77952996857	25864478786.469669342	2.494216919	4	0	2.223236084	0.000000000	0.056926727	0.949588776	0.283849215
94	2.494174957	19180337769	8843741727.244695663	2.494174957	3	0	1.816368103	0.000000000	0.009393692	0.917707443	0.298260870
95	2.494049072	63294627262	21688079413.083774567	2.494049072	4	0	2.088989258	0.000000000	0.060867310	0.832469940	0.286099092
96	2.493957520	17373455840	8303996318.773227692	2.493957520	4	0	2.185337067	0.000000000	0.095601082	1.016595840	0.299220030
97	2.493865967	83784401100	27517186887.817459106	2.493865967	4	0	2.020996094	0.000000000	0.058036804	0.718803406	0.283037525
98	2.493179321	82993336793	27293255690.230720520	2.493179321	3	0	1.996841431	0.000000000	0.068244934	0.902511597	0.283168304
99	2.492889404	57086814802	19908658315.345165253	2.492889404	6	0	2.129997253	0.000000000	0.017280579	0.908569336	0.287213169
100	2.492614746	74036038575	24751687415.588321686	2.492614746	3	0	2.055389404	0.000000000	0.058868408	0.913803101	0.284400521
